StudentID,StudentName,Gender,Age,Class,Section,AdmissionYear,UsesSchoolBus
1,Rohan Kumar,Male,11,6,A,2025,Yes
2,Ananya Raju,Female,11,6,A,2024,No
3,Aditya Babu,Male,11,6,A,2025,Yes
4,Radha Prasad,Female,11,6,A,2024,No
5,Suresh Naik,Male,11,6,A,2025,No
6,Teja Naik,Male,11,6,A,2025,Yes
7,Manasa Kumar,Female,11,6,A,2025,No
8,Arjun Reddy,Male,11,6,A,2025,Yes
9,Bhargav Devi,Male,11,6,A,2025,No
10,Priya Yadav,Female,11,6,A,2025,No
11,Charan Chowdary,Male,11,6,A,2025,Yes
12,Ravi Rao,Male,11,6,A,2025,Yes
13,Radha Naidu,Female,11,6,A,2025,No
14,Kiran Naidu,Male,11,6,A,2024,Yes
15,Kiran Kumar,Male,12,6,A,2024,Yes
16,Krishna Prasad,Male,12,6,A,2025,Yes
17,Sai Naik,Male,12,6,A,2025,No
18,Radha Sastry,Female,11,6,A,2024,Yes
19,Aditya Chowdary,Male,12,6,A,2025,No
20,Nithya Sastry,Female,12,6,A,2025,Yes
21,Charan Sastry,Male,11,6,A,2025,No
22,Vijay Raju,Male,11,6,A,2025,Yes
23,Karthik Murthy,Male,12,6,A,2025,Yes
24,Rohan Naik,Male,11,6,A,2025,No
25,Teja Patnaik,Male,11,6,A,2024,No
26,Sowmya Kumar,Female,11,6,A,2025,No
27,Ananya Naidu,Female,11,6,A,2024,Yes
28,Swathi Kumar,Female,11,6,A,2025,No
29,Swathi Chowdary,Female,11,6,A,2025,No
30,Lakshmi Sastry,Female,11,6,A,2025,No
31,Vijay Sharma,Male,11,6,A,2025,No
32,Manoj Devi,Male,11,6,A,2024,No
33,Aditya Pillai,Male,12,6,A,2024,No
34,Krishna Devi,Male,11,6,A,2024,Yes
35,Deepika Varma,Female,11,6,A,2025,No
36,Meena Varma,Female,12,6,A,2025,Yes
37,Vijay Naidu,Male,11,6,A,2024,No
38,Vamsi Prasad,Male,12,6,A,2025,No
39,Vijay Chowdary,Male,11,6,A,2025,Yes
40,Keerthi Sastry,Female,11,6,A,2025,Yes
41,Pooja Gupta,Female,11,6,A,2025,Yes
42,Kiran Reddy,Male,11,6,A,2025,Yes
43,Manasa Babu,Female,11,6,A,2025,No
44,Suresh Chowdary,Male,11,6,A,2025,No
45,Aditya Chowdary,Male,11,6,A,2025,Yes
46,Priya Krishna,Female,12,6,A,2025,No
47,Ravi Devi,Male,12,6,A,2025,No
48,Rohan Rao,Male,12,6,A,2025,No
49,Divya Naidu,Female,12,6,A,2025,No
50,Teja Gupta,Male,12,6,A,2025,No
51,Lakshmi Naik,Female,11,6,A,2025,Yes
52,Ananya Babu,Female,11,6,A,2024,No
53,Suresh Das,Male,11,6,A,2025,Yes
54,Sravani Chowdary,Female,11,6,A,2024,Yes
55,Divya Naik,Female,12,6,A,2024,No
56,Teja Prasad,Male,12,6,A,2025,No
57,Kiran Raju,Male,11,6,A,2025,Yes
58,Ganesh Gupta,Male,11,6,A,2024,No
59,Karthik Yadav,Male,11,6,A,2025,No
60,Swathi Prasad,Female,12,6,A,2025,Yes
61,Ananya Chowdary,Female,11,6,B,2025,No
62,Aditya Kumar,Male,12,6,B,2025,Yes
63,Vamsi Yadav,Male,11,6,B,2025,No
64,Priya Gupta,Female,12,6,B,2025,No
65,Teja Murthy,Male,11,6,B,2024,Yes
66,Rani Naidu,Female,11,6,B,2025,No
67,Ravi Rao,Male,11,6,B,2024,Yes
68,Manasa Naik,Female,11,6,B,2024,Yes
69,Harika Murthy,Female,12,6,B,2025,Yes
70,Bhargav Raju,Male,12,6,B,2025,No
71,Teja Prasad,Male,11,6,B,2025,Yes
72,Aditya Gupta,Male,11,6,B,2025,Yes
73,Bhargav Varma,Male,11,6,B,2024,No
74,Pooja Rao,Female,11,6,B,2025,No
75,Ravi Das,Male,12,6,B,2024,No
76,Sneha Rao,Female,11,6,B,2024,Yes
77,Ravi Chowdary,Male,11,6,B,2025,No
78,Rohan Prasad,Male,11,6,B,2025,Yes
79,Rohan Naik,Male,11,6,B,2025,Yes
80,Harika Chowdary,Female,11,6,B,2025,No
81,Radha Kumar,Female,11,6,B,2025,Yes
82,Rohan Gupta,Male,11,6,B,2025,Yes
83,Sravani Kumar,Female,11,6,B,2025,No
84,Divya Sastry,Female,11,6,B,2025,No
85,Manoj Sharma,Male,12,6,B,2025,No
86,Ravi Sharma,Male,11,6,B,2024,No
87,Lakshmi Krishna,Female,11,6,B,2024,No
88,Krishna Pillai,Male,11,6,B,2025,Yes
89,Anitha Yadav,Female,11,6,B,2025,Yes
90,Swathi Patnaik,Female,11,6,B,2025,No
91,Ananya Sharma,Female,11,6,B,2024,Yes
92,Ravi Gupta,Male,11,6,B,2025,No
93,Vihaan Murthy,Male,11,6,B,2025,No
94,Vijay Yadav,Male,11,6,B,2025,No
95,Teja Devi,Male,11,6,B,2024,No
96,Sravani Das,Female,11,6,B,2024,Yes
97,Naveen Rao,Male,11,6,B,2025,No
98,Aarav Yadav,Male,12,6,B,2024,Yes
99,Sowmya Rao,Female,11,6,B,2025,No
100,Manasa Kumar,Female,11,6,B,2025,No
101,Teja Krishna,Male,12,6,B,2025,Yes
102,Deepika Naik,Female,11,6,B,2025,No
103,Prasad Gupta,Male,11,6,B,2025,Yes
104,Prasad Murthy,Male,11,6,B,2025,No
105,Sowmya Patnaik,Female,12,6,B,2025,No
106,Pooja Das,Female,11,6,B,2024,Yes
107,Harika Naidu,Female,11,6,B,2025,No
108,Arjun Prasad,Male,11,6,B,2025,Yes
109,Lakshmi Gupta,Female,12,6,B,2025,No
110,Vihaan Naik,Male,11,6,B,2024,No
111,Teja Babu,Male,11,6,B,2025,Yes
112,Charan Patnaik,Male,11,6,B,2024,Yes
113,Sneha Reddy,Female,11,6,B,2025,Yes
114,Sravani Raju,Female,11,6,B,2025,Yes
115,Lakshmi Kumar,Female,12,6,B,2025,No
116,Keerthi Prasad,Female,11,6,B,2025,No
117,Anitha Varma,Female,11,6,B,2025,Yes
118,Prasad Sharma,Male,11,6,B,2024,No
119,Priya Patnaik,Female,11,6,B,2025,No
120,Lakshmi Yadav,Female,11,6,B,2025,No
121,Vandana Varma,Female,11,6,C,2025,Yes
122,Vandana Murthy,Female,11,6,C,2025,Yes
123,Krishna Yadav,Male,12,6,C,2025,No
124,Aarav Krishna,Male,12,6,C,2025,No
125,Swathi Varma,Female,11,6,C,2025,Yes
126,Manasa Devi,Female,12,6,C,2024,No
127,Priya Patnaik,Female,11,6,C,2024,No
128,Teja Yadav,Male,11,6,C,2025,No
129,Sravani Murthy,Female,11,6,C,2025,Yes
130,Nithya Pillai,Female,11,6,C,2025,No
131,Naveen Gupta,Male,11,6,C,2025,Yes
132,Krishna Rao,Male,11,6,C,2024,No
133,Charan Yadav,Male,11,6,C,2025,No
134,Ananya Raju,Female,11,6,C,2025,No
135,Suresh Reddy,Male,11,6,C,2024,No
136,Ananya Murthy,Female,12,6,C,2025,No
137,Aditya Murthy,Male,11,6,C,2025,No
138,Vijay Babu,Male,11,6,C,2025,Yes
139,Bhavya Naidu,Female,11,6,C,2024,No
140,Deepika Yadav,Female,11,6,C,2025,Yes
141,Rani Prasad,Female,11,6,C,2025,Yes
142,Suresh Varma,Male,11,6,C,2025,No
143,Charan Pillai,Male,11,6,C,2025,Yes
144,Aarav Pillai,Male,11,6,C,2024,No
145,Vandana Prasad,Female,11,6,C,2025,Yes
146,Krishna Yadav,Male,11,6,C,2025,Yes
147,Teja Gupta,Male,11,6,C,2025,No
148,Radha Patnaik,Female,11,6,C,2024,No
149,Rani Rao,Female,11,6,C,2025,Yes
150,Swathi Patnaik,Female,11,6,C,2025,Yes
151,Aarav Prasad,Male,11,6,C,2024,No
152,Kiran Sastry,Male,11,6,C,2025,Yes
153,Ravi Varma,Male,11,6,C,2024,No
154,Sravani Varma,Female,12,6,C,2025,No
155,Ravi Chowdary,Male,12,6,C,2025,No
156,Pooja Krishna,Female,12,6,C,2025,No
157,Vijay Rao,Male,11,6,C,2025,Yes
158,Bhargav Sastry,Male,11,6,C,2025,Yes
159,Sravani Devi,Female,11,6,C,2025,No
160,Naveen Naidu,Male,11,6,C,2025,Yes
161,Sai Babu,Male,11,6,C,2025,No
162,Aarav Devi,Male,11,6,C,2024,Yes
163,Nithya Patnaik,Female,12,6,C,2024,Yes
164,Vijay Krishna,Male,11,6,C,2025,No
165,Prasad Babu,Male,11,6,C,2025,No
166,Arjun Devi,Male,11,6,C,2024,No
167,Ganesh Naidu,Male,12,6,C,2024,Yes
168,Meena Gupta,Female,11,6,C,2025,No
169,Nithya Krishna,Female,11,6,C,2025,No
170,Manasa Murthy,Female,11,6,C,2025,Yes
171,Suresh Kumar,Male,12,6,C,2025,Yes
172,Vijay Raju,Male,11,6,C,2025,No
173,Swathi Kumar,Female,11,6,C,2025,No
174,Anitha Sastry,Female,12,6,C,2024,No
175,Swathi Sharma,Female,11,6,C,2025,No
176,Krishna Reddy,Male,11,6,C,2025,No
177,Vamsi Sharma,Male,11,6,C,2024,No
178,Suresh Gupta,Male,11,6,C,2024,No
179,Deepika Devi,Female,11,6,C,2025,No
180,Sowmya Sastry,Female,11,6,C,2025,No
181,Swathi Reddy,Female,12,7,A,2024,No
182,Naveen Yadav,Male,12,7,A,2024,No
183,Bhavya Naidu,Female,12,7,A,2023,No
184,Manasa Babu,Female,12,7,A,2024,Yes
185,Ganesh Devi,Male,12,7,A,2023,No
186,Manasa Murthy,Female,12,7,A,2024,Yes
187,Aditya Pillai,Male,12,7,A,2024,No
188,Priya Babu,Female,12,7,A,2023,No
189,Teja Kumar,Male,13,7,A,2024,Yes
190,Ganesh Yadav,Male,12,7,A,2023,No
191,Vamsi Naidu,Male,12,7,A,2024,No
192,Swathi Pillai,Female,12,7,A,2024,Yes
193,Prasad Varma,Male,13,7,A,2024,Yes
194,Ravi Raju,Male,12,7,A,2023,No
195,Sowmya Varma,Female,12,7,A,2023,No
196,Swathi Prasad,Female,12,7,A,2024,Yes
197,Lakshmi Babu,Female,12,7,A,2024,No
198,Krishna Patnaik,Male,12,7,A,2023,No
199,Nithya Varma,Female,12,7,A,2024,Yes
200,Priya Krishna,Female,12,7,A,2024,Yes
201,Naveen Murthy,Male,12,7,A,2024,No
202,Sneha Varma,Female,12,7,A,2023,No
203,Meena Rao,Female,12,7,A,2024,Yes
204,Anitha Rao,Female,12,7,A,2023,Yes
205,Prasad Gupta,Male,13,7,A,2024,Yes
206,Swathi Das,Female,12,7,A,2024,No
207,Swathi Naik,Female,12,7,A,2023,No
208,Ananya Chowdary,Female,12,7,A,2024,Yes
209,Krishna Chowdary,Male,12,7,A,2024,No
210,Meena Das,Female,12,7,A,2024,Yes
211,Vihaan Babu,Male,12,7,A,2024,No
212,Rani Reddy,Female,12,7,A,2024,No
213,Suresh Varma,Male,13,7,A,2024,Yes
214,Bhavya Babu,Female,12,7,A,2024,Yes
215,Ananya Devi,Female,12,7,A,2023,No
216,Bhavya Devi,Female,12,7,A,2024,Yes
217,Kiran Reddy,Male,12,7,A,2024,Yes
218,Manoj Chowdary,Male,12,7,A,2023,Yes
219,Divya Devi,Female,12,7,A,2024,No
220,Swathi Babu,Female,12,7,A,2023,Yes
221,Pooja Chowdary,Female,13,7,A,2024,Yes
222,Keerthi Patnaik,Female,12,7,A,2024,Yes
223,Rohan Varma,Male,12,7,A,2024,Yes
224,Prasad Babu,Male,13,7,A,2023,No
225,Pooja Patnaik,Female,12,7,A,2024,No
226,Vijay Sastry,Male,13,7,A,2024,Yes
227,Sneha Varma,Female,13,7,A,2024,No
228,Vamsi Raju,Male,12,7,A,2023,Yes
229,Pooja Sastry,Female,12,7,A,2024,Yes
230,Vandana Sastry,Female,12,7,A,2024,No
231,Arjun Rao,Male,12,7,A,2024,No
232,Rani Kumar,Female,12,7,A,2023,No
233,Suresh Patnaik,Male,12,7,A,2024,Yes
234,Harika Murthy,Female,12,7,A,2024,No
235,Swathi Sharma,Female,12,7,A,2023,No
236,Ravi Pillai,Male,12,7,A,2024,No
237,Pooja Naidu,Female,12,7,A,2023,No
238,Anitha Varma,Female,12,7,A,2024,No
239,Lakshmi Varma,Female,12,7,A,2024,Yes
240,Sai Devi,Male,12,7,A,2024,Yes
241,Suresh Varma,Male,12,7,B,2024,Yes
242,Sowmya Reddy,Female,12,7,B,2024,Yes
243,Charan Gupta,Male,12,7,B,2023,Yes
244,Rani Prasad,Female,12,7,B,2024,No
245,Prasad Varma,Male,13,7,B,2024,Yes
246,Suresh Babu,Male,12,7,B,2024,No
247,Sneha Reddy,Female,12,7,B,2024,No
248,Radha Raju,Female,13,7,B,2024,Yes
249,Teja Sastry,Male,12,7,B,2024,No
250,Vamsi Krishna,Male,12,7,B,2024,Yes
251,Ravi Patnaik,Male,12,7,B,2023,Yes
252,Harika Naik,Female,12,7,B,2024,No
253,Vamsi Prasad,Male,13,7,B,2023,No
254,Ravi Kumar,Male,12,7,B,2024,Yes
255,Sowmya Sastry,Female,12,7,B,2024,No
256,Meena Patnaik,Female,13,7,B,2023,No
257,Pooja Varma,Female,13,7,B,2023,Yes
258,Radha Pillai,Female,12,7,B,2024,Yes
259,Radha Prasad,Female,12,7,B,2024,Yes
260,Manoj Raju,Male,12,7,B,2024,No
261,Vamsi Patnaik,Male,12,7,B,2024,Yes
262,Vihaan Chowdary,Male,13,7,B,2024,No
263,Ganesh Reddy,Male,12,7,B,2024,Yes
264,Ananya Prasad,Female,12,7,B,2024,No
265,Aarav Naidu,Male,13,7,B,2024,Yes
266,Prasad Das,Male,13,7,B,2023,No
267,Karthik Gupta,Male,12,7,B,2024,No
268,Vihaan Naik,Male,12,7,B,2023,No
269,Vijay Varma,Male,13,7,B,2024,No
270,Vihaan Murthy,Male,12,7,B,2023,Yes
271,Naveen Murthy,Male,12,7,B,2024,Yes
272,Pooja Kumar,Female,13,7,B,2024,Yes
273,Priya Murthy,Female,13,7,B,2024,No
274,Deepika Varma,Female,12,7,B,2024,Yes
275,Rani Naik,Female,12,7,B,2023,No
276,Vamsi Sharma,Male,12,7,B,2024,Yes
277,Suresh Sharma,Male,13,7,B,2024,Yes
278,Kiran Gupta,Male,12,7,B,2024,Yes
279,Karthik Prasad,Male,13,7,B,2024,No
280,Sravani Krishna,Female,12,7,B,2024,Yes
281,Aditya Prasad,Male,12,7,B,2023,No
282,Pooja Pillai,Female,12,7,B,2024,Yes
283,Karthik Pillai,Male,12,7,B,2024,No
284,Radha Babu,Female,13,7,B,2024,No
285,Radha Yadav,Female,12,7,B,2023,No
286,Naveen Varma,Male,12,7,B,2023,No
287,Vamsi Sastry,Male,12,7,B,2024,No
288,Meena Prasad,Female,13,7,B,2023,Yes
289,Karthik Yadav,Male,12,7,B,2024,No
290,Rohan Krishna,Male,12,7,B,2023,Yes
291,Teja Murthy,Male,12,7,B,2024,No
292,Krishna Rao,Male,12,7,B,2024,Yes
293,Lakshmi Babu,Female,12,7,B,2024,No
294,Charan Raju,Male,13,7,B,2024,No
295,Divya Chowdary,Female,12,7,B,2023,No
296,Ravi Chowdary,Male,12,7,B,2024,Yes
297,Rani Prasad,Female,13,7,B,2023,Yes
298,Meena Patnaik,Female,12,7,B,2023,Yes
299,Harika Sastry,Female,12,7,B,2023,Yes
300,Naveen Das,Male,12,7,B,2023,No
301,Nithya Sharma,Female,13,7,C,2023,Yes
302,Sowmya Naidu,Female,12,7,C,2024,Yes
303,Arjun Prasad,Male,12,7,C,2023,Yes
304,Sneha Patnaik,Female,12,7,C,2024,No
305,Radha Das,Female,12,7,C,2024,Yes
306,Nithya Gupta,Female,12,7,C,2024,Yes
307,Aditya Pillai,Male,12,7,C,2024,No
308,Krishna Kumar,Male,12,7,C,2023,Yes
309,Meena Krishna,Female,12,7,C,2024,No
310,Krishna Sastry,Male,13,7,C,2023,Yes
311,Deepika Das,Female,13,7,C,2024,Yes
312,Manasa Krishna,Female,12,7,C,2024,No
313,Sai Yadav,Male,12,7,C,2024,No
314,Teja Krishna,Male,12,7,C,2024,Yes
315,Aarav Sharma,Male,12,7,C,2024,No
316,Divya Krishna,Female,12,7,C,2024,Yes
317,Swathi Murthy,Female,13,7,C,2023,Yes
318,Priya Gupta,Female,12,7,C,2023,Yes
319,Sowmya Chowdary,Female,12,7,C,2023,No
320,Vamsi Varma,Male,12,7,C,2023,Yes
321,Krishna Babu,Male,13,7,C,2024,No
322,Rohan Kumar,Male,12,7,C,2023,No
323,Keerthi Gupta,Female,12,7,C,2024,Yes
324,Manoj Varma,Male,12,7,C,2023,Yes
325,Keerthi Rao,Female,12,7,C,2023,Yes
326,Prasad Reddy,Male,12,7,C,2024,Yes
327,Priya Chowdary,Female,12,7,C,2024,No
328,Radha Prasad,Female,12,7,C,2024,Yes
329,Pooja Gupta,Female,13,7,C,2024,Yes
330,Sai Rao,Male,12,7,C,2024,Yes
331,Sravani Naik,Female,12,7,C,2024,No
332,Manasa Gupta,Female,13,7,C,2024,Yes
333,Manasa Gupta,Female,12,7,C,2023,Yes
334,Vijay Reddy,Male,12,7,C,2024,Yes
335,Arjun Rao,Male,12,7,C,2024,No
336,Vamsi Devi,Male,12,7,C,2024,Yes
337,Aditya Rao,Male,12,7,C,2023,No
338,Aditya Sastry,Male,12,7,C,2024,Yes
339,Radha Devi,Female,12,7,C,2023,Yes
340,Swathi Yadav,Female,12,7,C,2024,No
341,Manoj Pillai,Male,13,7,C,2023,Yes
342,Priya Murthy,Female,12,7,C,2024,Yes
343,Anitha Reddy,Female,12,7,C,2024,No
344,Bhavya Gupta,Female,12,7,C,2023,No
345,Aditya Kumar,Male,12,7,C,2023,No
346,Prasad Murthy,Male,12,7,C,2024,No
347,Sravani Rao,Female,12,7,C,2024,No
348,Naveen Chowdary,Male,12,7,C,2024,No
349,Meena Babu,Female,12,7,C,2023,No
350,Charan Reddy,Male,12,7,C,2023,Yes
351,Teja Pillai,Male,12,7,C,2024,No
352,Suresh Krishna,Male,12,7,C,2024,No
353,Aditya Murthy,Male,12,7,C,2024,No
354,Charan Naik,Male,12,7,C,2024,Yes
355,Ravi Varma,Male,12,7,C,2023,Yes
356,Priya Chowdary,Female,13,7,C,2023,No
357,Lakshmi Raju,Female,12,7,C,2024,Yes
358,Ananya Gupta,Female,12,7,C,2024,No
359,Krishna Chowdary,Male,12,7,C,2024,Yes
360,Priya Babu,Female,12,7,C,2024,Yes
361,Nithya Rao,Female,13,8,A,2023,No
362,Vamsi Chowdary,Male,13,8,A,2023,No
363,Aarav Kumar,Male,13,8,A,2023,Yes
364,Krishna Kumar,Male,14,8,A,2023,Yes
365,Sneha Naidu,Female,14,8,A,2023,No
366,Vandana Babu,Female,13,8,A,2022,No
367,Charan Rao,Male,14,8,A,2023,Yes
368,Bhargav Sastry,Male,13,8,A,2023,Yes
369,Manoj Raju,Male,14,8,A,2022,No
370,Bhavya Varma,Female,13,8,A,2022,No
371,Sai Naidu,Male,13,8,A,2023,Yes
372,Suresh Patnaik,Male,13,8,A,2023,No
373,Radha Krishna,Female,13,8,A,2023,No
374,Krishna Das,Male,13,8,A,2023,No
375,Ravi Murthy,Male,13,8,A,2023,No
376,Manasa Raju,Female,13,8,A,2023,No
377,Deepika Naik,Female,13,8,A,2023,Yes
378,Teja Krishna,Male,13,8,A,2023,Yes
379,Meena Patnaik,Female,13,8,A,2023,Yes
380,Bhavya Rao,Female,14,8,A,2023,No
381,Priya Krishna,Female,13,8,A,2023,No
382,Aarav Chowdary,Male,14,8,A,2023,Yes
383,Ananya Reddy,Female,13,8,A,2023,No
384,Aditya Sharma,Male,13,8,A,2023,Yes
385,Bhavya Raju,Female,13,8,A,2023,No
386,Rani Rao,Female,13,8,A,2023,Yes
387,Keerthi Das,Female,13,8,A,2022,Yes
388,Bhavya Varma,Female,13,8,A,2023,No
389,Priya Prasad,Female,13,8,A,2022,No
390,Bhargav Gupta,Male,13,8,A,2023,No
391,Priya Prasad,Female,13,8,A,2023,No
392,Sravani Kumar,Female,14,8,A,2022,No
393,Rohan Naidu,Male,13,8,A,2022,No
394,Pooja Raju,Female,13,8,A,2023,No
395,Aarav Das,Male,14,8,A,2022,No
396,Sneha Gupta,Female,13,8,A,2023,No
397,Kiran Yadav,Male,13,8,A,2023,No
398,Naveen Naidu,Male,14,8,A,2023,No
399,Vijay Das,Male,13,8,A,2023,Yes
400,Ananya Babu,Female,13,8,A,2023,Yes
401,Kiran Chowdary,Male,13,8,A,2023,Yes
402,Vihaan Krishna,Male,13,8,A,2023,No
403,Naveen Naidu,Male,13,8,A,2023,Yes
404,Vihaan Naidu,Male,13,8,A,2023,No
405,Sowmya Babu,Female,13,8,A,2023,Yes
406,Ganesh Kumar,Male,13,8,A,2022,Yes
407,Ravi Patnaik,Male,14,8,A,2022,Yes
408,Vamsi Kumar,Male,13,8,A,2023,No
409,Naveen Sharma,Male,13,8,A,2023,No
410,Priya Pillai,Female,13,8,A,2022,No
411,Arjun Das,Male,13,8,A,2023,No
412,Sai Pillai,Male,14,8,A,2022,Yes
413,Rani Kumar,Female,13,8,A,2022,No
414,Priya Sastry,Female,14,8,A,2023,No
415,Lakshmi Rao,Female,13,8,A,2022,No
416,Keerthi Murthy,Female,13,8,A,2023,No
417,Manasa Raju,Female,13,8,A,2023,Yes
418,Naveen Reddy,Male,13,8,A,2022,Yes
419,Aditya Gupta,Male,13,8,A,2023,Yes
420,Bhargav Sharma,Male,13,8,A,2023,Yes
421,Harika Krishna,Female,14,8,B,2023,No
422,Nithya Babu,Female,13,8,B,2023,No
423,Rohan Sharma,Male,13,8,B,2023,Yes
424,Ravi Gupta,Male,14,8,B,2023,No
425,Aditya Gupta,Male,13,8,B,2023,No
426,Bhavya Varma,Female,14,8,B,2022,Yes
427,Swathi Das,Female,13,8,B,2023,Yes
428,Vamsi Sharma,Male,14,8,B,2023,Yes
429,Anitha Varma,Female,13,8,B,2023,No
430,Teja Naik,Male,13,8,B,2023,No
431,Karthik Yadav,Male,13,8,B,2022,Yes
432,Keerthi Rao,Female,13,8,B,2023,No
433,Sowmya Prasad,Female,13,8,B,2023,Yes
434,Priya Babu,Female,13,8,B,2022,No
435,Ananya Chowdary,Female,13,8,B,2022,Yes
436,Charan Krishna,Male,13,8,B,2023,No
437,Nithya Gupta,Female,14,8,B,2023,Yes
438,Lakshmi Pillai,Female,13,8,B,2022,Yes
439,Rani Krishna,Female,13,8,B,2023,No
440,Pooja Krishna,Female,13,8,B,2023,No
441,Aditya Devi,Male,13,8,B,2022,Yes
442,Ganesh Prasad,Male,13,8,B,2022,Yes
443,Deepika Naidu,Female,13,8,B,2023,No
444,Vijay Das,Male,13,8,B,2023,No
445,Pooja Pillai,Female,13,8,B,2022,No
446,Naveen Kumar,Male,13,8,B,2022,Yes
447,Priya Prasad,Female,13,8,B,2023,Yes
448,Priya Rao,Female,13,8,B,2023,No
449,Harika Gupta,Female,13,8,B,2023,No
450,Ananya Naidu,Female,13,8,B,2022,No
451,Vandana Kumar,Female,14,8,B,2023,Yes
452,Lakshmi Reddy,Female,13,8,B,2023,Yes
453,Naveen Murthy,Male,13,8,B,2023,No
454,Lakshmi Murthy,Female,13,8,B,2022,No
455,Arjun Raju,Male,13,8,B,2023,No
456,Arjun Pillai,Male,13,8,B,2022,No
457,Arjun Krishna,Male,13,8,B,2023,Yes
458,Nithya Prasad,Female,13,8,B,2023,No
459,Vijay Krishna,Male,13,8,B,2022,No
460,Prasad Naik,Male,13,8,B,2023,Yes
461,Sai Gupta,Male,13,8,B,2023,No
462,Vijay Varma,Male,14,8,B,2023,Yes
463,Krishna Gupta,Male,14,8,B,2023,No
464,Ananya Naik,Female,14,8,B,2023,Yes
465,Vamsi Varma,Male,13,8,B,2023,No
466,Ravi Naik,Male,13,8,B,2022,Yes
467,Ravi Murthy,Male,14,8,B,2023,No
468,Ravi Das,Male,13,8,B,2023,Yes
469,Pooja Varma,Female,13,8,B,2022,No
470,Kiran Pillai,Male,13,8,B,2022,No
471,Sai Naik,Male,13,8,B,2023,Yes
472,Karthik Sastry,Male,14,8,B,2023,No
473,Sravani Babu,Female,13,8,B,2023,No
474,Vijay Babu,Male,13,8,B,2022,Yes
475,Karthik Varma,Male,13,8,B,2023,Yes
476,Arjun Pillai,Male,13,8,B,2023,Yes
477,Ananya Gupta,Female,13,8,B,2022,Yes
478,Rohan Murthy,Male,13,8,B,2023,Yes
479,Rohan Yadav,Male,13,8,B,2022,Yes
480,Divya Pillai,Female,14,8,B,2023,Yes
481,Vijay Sharma,Male,13,8,C,2022,Yes
482,Priya Raju,Female,13,8,C,2023,Yes
483,Vamsi Babu,Male,13,8,C,2022,No
484,Manasa Chowdary,Female,13,8,C,2023,No
485,Teja Prasad,Male,14,8,C,2022,Yes
486,Vandana Pillai,Female,13,8,C,2023,No
487,Radha Rao,Female,13,8,C,2023,Yes
488,Priya Patnaik,Female,13,8,C,2022,No
489,Meena Naik,Female,13,8,C,2023,No
490,Prasad Chowdary,Male,13,8,C,2022,Yes
491,Rohan Devi,Male,14,8,C,2023,Yes
492,Teja Yadav,Male,14,8,C,2023,No
493,Teja Devi,Male,13,8,C,2022,No
494,Rani Rao,Female,13,8,C,2023,No
495,Vijay Naidu,Male,13,8,C,2023,Yes
496,Manasa Chowdary,Female,14,8,C,2022,Yes
497,Prasad Sastry,Male,13,8,C,2023,Yes
498,Sneha Das,Female,14,8,C,2023,Yes
499,Charan Naik,Male,14,8,C,2022,No
500,Priya Murthy,Female,14,8,C,2023,No
501,Sravani Naik,Female,13,8,C,2023,Yes
502,Meena Naidu,Female,13,8,C,2023,Yes
503,Manasa Varma,Female,13,8,C,2023,Yes
504,Radha Raju,Female,13,8,C,2022,Yes
505,Teja Varma,Male,13,8,C,2023,No
506,Vamsi Reddy,Male,14,8,C,2023,No
507,Ravi Pillai,Male,13,8,C,2023,Yes
508,Sneha Chowdary,Female,13,8,C,2023,Yes
509,Ravi Devi,Male,14,8,C,2023,No
510,Aarav Naidu,Male,13,8,C,2023,No
511,Sneha Yadav,Female,13,8,C,2022,No
512,Lakshmi Das,Female,13,8,C,2023,Yes
513,Sai Chowdary,Male,13,8,C,2023,Yes
514,Meena Krishna,Female,13,8,C,2022,Yes
515,Ganesh Sharma,Male,13,8,C,2023,Yes
516,Arjun Naik,Male,13,8,C,2023,Yes
517,Rani Babu,Female,13,8,C,2023,No
518,Ananya Sastry,Female,13,8,C,2023,No
519,Ganesh Yadav,Male,13,8,C,2022,No
520,Karthik Rao,Male,13,8,C,2023,Yes
521,Naveen Raju,Male,13,8,C,2022,No
522,Naveen Chowdary,Male,13,8,C,2023,Yes
523,Pooja Chowdary,Female,14,8,C,2023,No
524,Vijay Raju,Male,14,8,C,2023,No
525,Sowmya Naik,Female,13,8,C,2022,Yes
526,Prasad Prasad,Male,13,8,C,2023,Yes
527,Vijay Krishna,Male,13,8,C,2022,No
528,Krishna Rao,Male,13,8,C,2023,No
529,Lakshmi Das,Female,13,8,C,2023,No
530,Harika Chowdary,Female,13,8,C,2023,No
531,Rohan Krishna,Male,13,8,C,2023,Yes
532,Keerthi Naik,Female,13,8,C,2022,Yes
533,Naveen Gupta,Male,13,8,C,2022,No
534,Suresh Rao,Male,14,8,C,2023,No
535,Pooja Pillai,Female,13,8,C,2023,Yes
536,Nithya Kumar,Female,13,8,C,2023,Yes
537,Aditya Pillai,Male,13,8,C,2023,Yes
538,Pooja Babu,Female,14,8,C,2023,No
539,Meena Reddy,Female,13,8,C,2023,No
540,Pooja Das,Female,13,8,C,2023,No
541,Sneha Sastry,Female,14,9,A,2022,No
542,Teja Sharma,Male,14,9,A,2022,Yes
543,Suresh Murthy,Male,14,9,A,2022,Yes
544,Rani Yadav,Female,14,9,A,2021,Yes
545,Krishna Krishna,Male,14,9,A,2021,Yes
546,Anitha Babu,Female,14,9,A,2022,Yes
547,Bhavya Chowdary,Female,14,9,A,2022,Yes
548,Nithya Pillai,Female,14,9,A,2022,No
549,Aarav Pillai,Male,14,9,A,2022,No
550,Meena Reddy,Female,14,9,A,2022,Yes
551,Ananya Murthy,Female,15,9,A,2022,Yes
552,Lakshmi Murthy,Female,14,9,A,2022,No
553,Radha Kumar,Female,15,9,A,2022,No
554,Rani Rao,Female,14,9,A,2022,No
555,Aarav Chowdary,Male,14,9,A,2022,Yes
556,Manoj Babu,Male,14,9,A,2022,Yes
557,Karthik Rao,Male,14,9,A,2021,Yes
558,Ravi Chowdary,Male,15,9,A,2022,Yes
559,Bhavya Naidu,Female,14,9,A,2022,Yes
560,Prasad Kumar,Male,14,9,A,2022,No
561,Vijay Sastry,Male,14,9,A,2021,Yes
562,Radha Sharma,Female,14,9,A,2021,No
563,Lakshmi Prasad,Female,14,9,A,2022,No
564,Meena Varma,Female,15,9,A,2022,Yes
565,Ananya Patnaik,Female,14,9,A,2022,No
566,Rani Rao,Female,14,9,A,2021,No
567,Lakshmi Devi,Female,14,9,A,2021,Yes
568,Ravi Gupta,Male,14,9,A,2022,Yes
569,Vandana Kumar,Female,15,9,A,2022,Yes
570,Teja Reddy,Male,15,9,A,2022,Yes
571,Manasa Pillai,Female,14,9,A,2022,No
572,Vijay Pillai,Male,14,9,A,2022,No
573,Charan Rao,Male,14,9,A,2022,No
574,Teja Sastry,Male,14,9,A,2021,No
575,Krishna Reddy,Male,14,9,A,2022,No
576,Swathi Chowdary,Female,14,9,A,2022,No
577,Teja Krishna,Male,14,9,A,2022,No
578,Suresh Murthy,Male,14,9,A,2022,No
579,Meena Sharma,Female,15,9,A,2022,Yes
580,Suresh Prasad,Male,14,9,A,2022,No
581,Bhargav Raju,Male,15,9,A,2022,No
582,Naveen Devi,Male,15,9,A,2022,No
583,Suresh Yadav,Male,14,9,A,2022,No
584,Naveen Varma,Male,14,9,A,2021,Yes
585,Nithya Chowdary,Female,14,9,A,2022,No
586,Teja Sharma,Male,15,9,A,2021,No
587,Kiran Das,Male,14,9,A,2021,No
588,Ganesh Patnaik,Male,14,9,A,2021,Yes
589,Aditya Das,Male,14,9,A,2021,No
590,Bhavya Naidu,Female,14,9,A,2021,Yes
591,Aarav Prasad,Male,14,9,A,2021,No
592,Nithya Gupta,Female,15,9,A,2021,Yes
593,Rohan Naidu,Male,14,9,A,2022,No
594,Charan Patnaik,Male,14,9,A,2022,Yes
595,Prasad Raju,Male,14,9,A,2022,No
596,Aarav Pillai,Male,14,9,A,2022,Yes
597,Ravi Reddy,Male,14,9,A,2021,Yes
598,Ravi Babu,Male,14,9,A,2021,Yes
599,Suresh Reddy,Male,14,9,A,2022,No
600,Sneha Babu,Female,14,9,A,2021,Yes
601,Nithya Devi,Female,14,9,B,2022,No
602,Bhavya Sharma,Female,14,9,B,2021,No
603,Rani Das,Female,14,9,B,2022,Yes
604,Manasa Patnaik,Female,15,9,B,2021,Yes
605,Kiran Sharma,Male,15,9,B,2021,No
606,Vihaan Babu,Male,15,9,B,2022,No
607,Sowmya Kumar,Female,14,9,B,2022,No
608,Naveen Naik,Male,15,9,B,2022,No
609,Sneha Krishna,Female,14,9,B,2021,No
610,Aarav Chowdary,Male,14,9,B,2021,No
611,Radha Pillai,Female,14,9,B,2022,No
612,Aditya Reddy,Male,15,9,B,2022,Yes
613,Vijay Naidu,Male,14,9,B,2022,No
614,Prasad Kumar,Male,14,9,B,2022,No
615,Arjun Krishna,Male,15,9,B,2022,Yes
616,Kiran Prasad,Male,14,9,B,2022,No
617,Arjun Varma,Male,14,9,B,2021,Yes
618,Vijay Das,Male,14,9,B,2022,No
619,Aditya Naik,Male,14,9,B,2022,No
620,Ravi Chowdary,Male,14,9,B,2021,No
621,Manoj Naidu,Male,14,9,B,2022,No
622,Vijay Krishna,Male,14,9,B,2022,Yes
623,Manasa Prasad,Female,14,9,B,2021,No
624,Manoj Reddy,Male,14,9,B,2021,Yes
625,Radha Babu,Female,14,9,B,2022,Yes
626,Sravani Kumar,Female,14,9,B,2022,No
627,Ravi Krishna,Male,15,9,B,2022,No
628,Manoj Gupta,Male,14,9,B,2021,No
629,Teja Devi,Male,14,9,B,2022,No
630,Keerthi Chowdary,Female,15,9,B,2022,Yes
631,Deepika Sastry,Female,14,9,B,2022,No
632,Karthik Reddy,Male,14,9,B,2021,No
633,Ananya Kumar,Female,14,9,B,2021,Yes
634,Karthik Naik,Male,15,9,B,2022,No
635,Charan Yadav,Male,14,9,B,2022,No
636,Sowmya Raju,Female,14,9,B,2022,Yes
637,Bhavya Pillai,Female,14,9,B,2022,Yes
638,Keerthi Kumar,Female,15,9,B,2022,Yes
639,Ravi Gupta,Male,14,9,B,2021,Yes
640,Lakshmi Sharma,Female,14,9,B,2021,Yes
641,Harika Das,Female,14,9,B,2022,No
642,Lakshmi Rao,Female,14,9,B,2021,Yes
643,Kiran Varma,Male,14,9,B,2022,No
644,Suresh Patnaik,Male,14,9,B,2022,No
645,Arjun Sastry,Male,14,9,B,2022,Yes
646,Ananya Naik,Female,14,9,B,2021,No
647,Aditya Pillai,Male,14,9,B,2021,No
648,Divya Gupta,Female,15,9,B,2022,No
649,Rohan Chowdary,Male,14,9,B,2021,No
650,Ganesh Naik,Male,14,9,B,2021,Yes
651,Charan Kumar,Male,15,9,B,2021,Yes
652,Ganesh Prasad,Male,15,9,B,2021,No
653,Krishna Yadav,Male,14,9,B,2022,No
654,Ganesh Chowdary,Male,14,9,B,2022,No
655,Vamsi Das,Male,14,9,B,2022,No
656,Charan Sharma,Male,14,9,B,2021,Yes
657,Vandana Patnaik,Female,14,9,B,2021,Yes
658,Sai Yadav,Male,14,9,B,2021,No
659,Deepika Murthy,Female,14,9,B,2022,No
660,Manoj Raju,Male,14,9,B,2021,Yes
661,Manoj Yadav,Male,14,9,C,2022,No
662,Rohan Reddy,Male,14,9,C,2022,No
663,Manasa Das,Female,15,9,C,2022,Yes
664,Deepika Rao,Female,14,9,C,2022,No
665,Sneha Krishna,Female,14,9,C,2022,No
666,Ganesh Prasad,Male,15,9,C,2022,Yes
667,Vandana Naidu,Female,14,9,C,2022,No
668,Divya Varma,Female,14,9,C,2021,No
669,Manoj Gupta,Male,14,9,C,2022,Yes
670,Manoj Kumar,Male,14,9,C,2022,Yes
671,Rani Kumar,Female,14,9,C,2022,No
672,Priya Das,Female,14,9,C,2022,Yes
673,Manasa Gupta,Female,14,9,C,2022,Yes
674,Aditya Naik,Male,14,9,C,2022,Yes
675,Deepika Patnaik,Female,14,9,C,2022,Yes
676,Ganesh Pillai,Male,14,9,C,2022,No
677,Ganesh Patnaik,Male,15,9,C,2022,No
678,Vijay Rao,Male,14,9,C,2021,No
679,Naveen Das,Male,15,9,C,2022,No
680,Keerthi Varma,Female,14,9,C,2021,Yes
681,Arjun Devi,Male,14,9,C,2021,Yes
682,Sravani Murthy,Female,14,9,C,2022,No
683,Rani Patnaik,Female,14,9,C,2022,Yes
684,Vijay Naidu,Male,14,9,C,2022,No
685,Swathi Kumar,Female,14,9,C,2022,Yes
686,Sneha Pillai,Female,14,9,C,2022,No
687,Krishna Kumar,Male,14,9,C,2022,No
688,Kiran Babu,Male,14,9,C,2022,Yes
689,Nithya Reddy,Female,14,9,C,2022,No
690,Sravani Kumar,Female,14,9,C,2021,Yes
691,Sowmya Devi,Female,14,9,C,2022,No
692,Meena Babu,Female,14,9,C,2022,Yes
693,Kiran Sharma,Male,15,9,C,2022,No
694,Vamsi Devi,Male,14,9,C,2021,No
695,Sai Yadav,Male,14,9,C,2022,Yes
696,Bhargav Pillai,Male,14,9,C,2022,No
697,Arjun Das,Male,14,9,C,2022,No
698,Aarav Naik,Male,14,9,C,2022,Yes
699,Aditya Prasad,Male,14,9,C,2022,No
700,Sai Pillai,Male,14,9,C,2022,Yes
701,Krishna Naidu,Male,14,9,C,2022,No
702,Aarav Devi,Male,15,9,C,2021,No
703,Ravi Sastry,Male,15,9,C,2021,Yes
704,Divya Varma,Female,14,9,C,2021,Yes
705,Manasa Prasad,Female,14,9,C,2021,No
706,Suresh Naik,Male,14,9,C,2022,Yes
707,Vihaan Devi,Male,14,9,C,2022,No
708,Vandana Chowdary,Female,14,9,C,2021,Yes
709,Arjun Chowdary,Male,14,9,C,2021,Yes
710,Vijay Murthy,Male,14,9,C,2022,Yes
711,Vijay Sastry,Male,14,9,C,2022,Yes
712,Charan Das,Male,14,9,C,2022,No
713,Deepika Murthy,Female,14,9,C,2022,Yes
714,Ganesh Naik,Male,15,9,C,2022,No
715,Swathi Rao,Female,14,9,C,2022,No
716,Lakshmi Pillai,Female,15,9,C,2022,No
717,Naveen Murthy,Male,14,9,C,2022,No
718,Harika Yadav,Female,14,9,C,2022,No
719,Karthik Pillai,Male,14,9,C,2022,No
720,Karthik Das,Male,14,9,C,2022,Yes
721,Suresh Varma,Male,15,10,A,2020,No
722,Swathi Kumar,Female,15,10,A,2020,Yes
723,Nithya Pillai,Female,15,10,A,2020,No
724,Vijay Patnaik,Male,15,10,A,2020,Yes
725,Sravani Sharma,Female,15,10,A,2021,No
726,Vijay Varma,Male,15,10,A,2021,No
727,Aarav Patnaik,Male,15,10,A,2021,No
728,Radha Krishna,Female,15,10,A,2021,No
729,Teja Naidu,Male,15,10,A,2021,No
730,Divya Krishna,Female,15,10,A,2021,No
731,Vihaan Chowdary,Male,15,10,A,2020,No
732,Kiran Naidu,Male,15,10,A,2021,No
733,Vihaan Prasad,Male,15,10,A,2020,No
734,Bhavya Naidu,Female,15,10,A,2020,Yes
735,Karthik Naik,Male,15,10,A,2021,Yes
736,Sneha Naik,Female,15,10,A,2021,No
737,Arjun Devi,Male,16,10,A,2020,Yes
738,Kiran Chowdary,Male,15,10,A,2021,No
739,Pooja Devi,Female,16,10,A,2021,No
740,Ananya Sharma,Female,15,10,A,2021,No
741,Keerthi Varma,Female,15,10,A,2021,Yes
742,Rohan Varma,Male,15,10,A,2021,No
743,Vandana Rao,Female,16,10,A,2020,No
744,Swathi Sharma,Female,15,10,A,2021,No
745,Arjun Naik,Male,15,10,A,2021,No
746,Ananya Rao,Female,15,10,A,2021,Yes
747,Aarav Das,Male,15,10,A,2021,No
748,Manoj Pillai,Male,15,10,A,2021,Yes
749,Priya Krishna,Female,15,10,A,2020,Yes
750,Vihaan Pillai,Male,15,10,A,2020,No
751,Radha Sastry,Female,15,10,A,2021,No
752,Meena Yadav,Female,15,10,A,2021,Yes
753,Bhargav Das,Male,15,10,A,2021,No
754,Pooja Krishna,Female,15,10,A,2020,Yes
755,Harika Yadav,Female,15,10,A,2021,No
756,Harika Das,Female,16,10,A,2021,Yes
757,Anitha Chowdary,Female,16,10,A,2020,No
758,Anitha Kumar,Female,15,10,A,2021,No
759,Swathi Naidu,Female,15,10,A,2021,Yes
760,Teja Naik,Male,15,10,A,2021,No
761,Ravi Pillai,Male,15,10,A,2021,No
762,Manasa Patnaik,Female,15,10,A,2020,No
763,Teja Gupta,Male,16,10,A,2021,Yes
764,Nithya Gupta,Female,15,10,A,2021,Yes
765,Divya Naik,Female,15,10,A,2021,Yes
766,Karthik Kumar,Male,15,10,A,2021,Yes
767,Vijay Raju,Male,15,10,A,2021,No
768,Rohan Chowdary,Male,15,10,A,2020,Yes
769,Kiran Naidu,Male,15,10,A,2021,No
770,Keerthi Naik,Female,15,10,A,2021,Yes
771,Manasa Sastry,Female,15,10,A,2021,No
772,Manoj Babu,Male,15,10,A,2021,Yes
773,Vandana Gupta,Female,15,10,A,2021,Yes
774,Manoj Kumar,Male,15,10,A,2021,No
775,Anitha Naik,Female,15,10,A,2020,No
776,Charan Patnaik,Male,15,10,A,2021,No
777,Teja Rao,Male,15,10,A,2020,No
778,Sneha Patnaik,Female,15,10,A,2021,No
779,Sai Naidu,Male,15,10,A,2020,Yes
780,Vandana Prasad,Female,15,10,A,2021,No
781,Charan Naik,Male,15,10,B,2020,Yes
782,Manasa Devi,Female,15,10,B,2021,No
783,Anitha Devi,Female,16,10,B,2020,Yes
784,Krishna Varma,Male,15,10,B,2021,Yes
785,Rohan Chowdary,Male,15,10,B,2021,No
786,Lakshmi Chowdary,Female,15,10,B,2021,No
787,Bhavya Babu,Female,15,10,B,2020,No
788,Lakshmi Raju,Female,15,10,B,2021,Yes
789,Vihaan Sastry,Male,15,10,B,2020,Yes
790,Sneha Kumar,Female,15,10,B,2020,Yes
791,Priya Prasad,Female,16,10,B,2021,Yes
792,Bhargav Krishna,Male,16,10,B,2020,No
793,Rohan Prasad,Male,15,10,B,2021,No
794,Harika Krishna,Female,15,10,B,2020,Yes
795,Swathi Raju,Female,15,10,B,2021,No
796,Krishna Varma,Male,15,10,B,2021,Yes
797,Manoj Babu,Male,15,10,B,2021,No
798,Krishna Krishna,Male,15,10,B,2021,Yes
799,Harika Reddy,Female,16,10,B,2021,Yes
800,Arjun Pillai,Male,16,10,B,2021,Yes
801,Priya Babu,Female,15,10,B,2021,Yes
802,Lakshmi Devi,Female,16,10,B,2020,No
803,Meena Naik,Female,15,10,B,2021,No
804,Radha Yadav,Female,15,10,B,2020,No
805,Vamsi Sastry,Male,15,10,B,2020,No
806,Manasa Sharma,Female,15,10,B,2021,Yes
807,Sowmya Chowdary,Female,15,10,B,2021,No
808,Naveen Kumar,Male,15,10,B,2021,No
809,Swathi Murthy,Female,15,10,B,2021,Yes
810,Arjun Reddy,Male,15,10,B,2021,Yes
811,Rohan Devi,Male,15,10,B,2021,No
812,Vandana Das,Female,16,10,B,2021,Yes
813,Ravi Yadav,Male,15,10,B,2021,No
814,Naveen Raju,Male,15,10,B,2021,No
815,Arjun Sharma,Male,15,10,B,2020,No
816,Anitha Reddy,Female,15,10,B,2021,No
817,Suresh Babu,Male,16,10,B,2021,No
818,Meena Naidu,Female,15,10,B,2021,No
819,Vihaan Rao,Male,16,10,B,2021,Yes
820,Vihaan Yadav,Male,15,10,B,2020,No
821,Vihaan Gupta,Male,15,10,B,2021,Yes
822,Vandana Yadav,Female,15,10,B,2020,Yes
823,Prasad Kumar,Male,15,10,B,2020,Yes
824,Divya Naik,Female,15,10,B,2020,Yes
825,Ravi Patnaik,Male,16,10,B,2020,No
826,Vamsi Murthy,Male,16,10,B,2021,No
827,Ganesh Varma,Male,16,10,B,2021,Yes
828,Sneha Reddy,Female,15,10,B,2021,No
829,Anitha Raju,Female,15,10,B,2021,No
830,Harika Patnaik,Female,15,10,B,2021,No
831,Priya Sastry,Female,15,10,B,2021,No
832,Karthik Naidu,Male,15,10,B,2021,Yes
833,Ananya Prasad,Female,15,10,B,2021,No
834,Karthik Pillai,Male,15,10,B,2021,Yes
835,Karthik Patnaik,Male,15,10,B,2021,Yes
836,Suresh Krishna,Male,15,10,B,2021,Yes
837,Rohan Babu,Male,15,10,B,2020,Yes
838,Rohan Raju,Male,15,10,B,2021,No
839,Vamsi Rao,Male,16,10,B,2020,No
840,Anitha Reddy,Female,15,10,B,2021,Yes
841,Teja Sastry,Male,15,10,C,2021,No
842,Rohan Patnaik,Male,15,10,C,2021,No
843,Krishna Sharma,Male,16,10,C,2021,No
844,Vijay Pillai,Male,15,10,C,2021,No
845,Vihaan Chowdary,Male,16,10,C,2021,No
846,Lakshmi Rao,Female,16,10,C,2021,No
847,Naveen Yadav,Male,15,10,C,2021,Yes
848,Bhargav Yadav,Male,15,10,C,2021,Yes
849,Prasad Yadav,Male,15,10,C,2021,Yes
850,Swathi Chowdary,Female,15,10,C,2021,No
851,Nithya Sharma,Female,15,10,C,2021,No
852,Bhavya Naidu,Female,16,10,C,2021,Yes
853,Vihaan Patnaik,Male,15,10,C,2021,Yes
854,Deepika Varma,Female,16,10,C,2020,No
855,Ganesh Rao,Male,15,10,C,2021,No
856,Rohan Prasad,Male,15,10,C,2020,Yes
857,Suresh Raju,Male,15,10,C,2020,No
858,Naveen Gupta,Male,15,10,C,2021,No
859,Nithya Patnaik,Female,15,10,C,2021,No
860,Rani Reddy,Female,16,10,C,2021,Yes
861,Naveen Yadav,Male,15,10,C,2021,No
862,Naveen Sastry,Male,16,10,C,2021,Yes
863,Vihaan Rao,Male,15,10,C,2021,Yes
864,Kiran Pillai,Male,15,10,C,2021,No
865,Anitha Naidu,Female,15,10,C,2020,Yes
866,Naveen Murthy,Male,15,10,C,2020,No
867,Lakshmi Sastry,Female,15,10,C,2021,No
868,Radha Das,Female,15,10,C,2020,No
869,Swathi Chowdary,Female,16,10,C,2020,No
870,Teja Kumar,Male,15,10,C,2021,No
871,Rohan Pillai,Male,15,10,C,2021,Yes
872,Aarav Yadav,Male,15,10,C,2021,Yes
873,Swathi Chowdary,Female,15,10,C,2020,No
874,Ganesh Sharma,Male,16,10,C,2021,No
875,Anitha Naidu,Female,15,10,C,2021,No
876,Sneha Patnaik,Female,16,10,C,2021,No
877,Ravi Raju,Male,15,10,C,2021,Yes
878,Vamsi Rao,Male,15,10,C,2020,No
879,Ravi Gupta,Male,15,10,C,2021,Yes
880,Anitha Rao,Female,16,10,C,2020,No
881,Priya Chowdary,Female,15,10,C,2021,No
882,Priya Sharma,Female,15,10,C,2021,Yes
883,Divya Devi,Female,15,10,C,2020,Yes
884,Sravani Sastry,Female,16,10,C,2021,Yes
885,Rani Kumar,Female,15,10,C,2021,Yes
886,Pooja Sastry,Female,16,10,C,2021,No
887,Priya Sastry,Female,15,10,C,2021,No
888,Nithya Krishna,Female,15,10,C,2021,Yes
889,Kiran Babu,Male,15,10,C,2020,No
890,Manasa Devi,Female,15,10,C,2021,Yes
891,Prasad Sastry,Male,15,10,C,2021,Yes
892,Swathi Devi,Female,15,10,C,2021,No
893,Vijay Patnaik,Male,16,10,C,2021,Yes
894,Harika Prasad,Female,15,10,C,2021,No
895,Charan Pillai,Male,16,10,C,2021,No
896,Vihaan Pillai,Male,15,10,C,2020,Yes
897,Teja Kumar,Male,15,10,C,2021,No
898,Nithya Yadav,Female,15,10,C,2020,No
899,Priya Varma,Female,15,10,C,2021,Yes
900,Manasa Naidu,Female,15,10,C,2020,Yes
